PCA1,PCA2,PCA3,PCA4,PCA5,PCA6,PCA7,PCA8,PCA9,PCA10,PCA11,PCA12,PCA13,PCA14,PCA15,PCA16,PCA17,PCA18,PCA19,PCA20
-9.95186170048268,4.4898718182023,-3.40171372478759,-2.49798025346926,-5.68280973981144,-2.25470754009623,5.04713553677113,1.53329000095442,1.3910237779663,-1.81323847125639,-0.152034970082939,-0.896820167335213,1.55573064214844,2.78655852358768,1.92483703009863,-3.48016782924549,-1.3964518339936,0.558574801014965,3.13531067953425,-1.02085471436028
-8.86785360118767,5.2054983102585,-3.98129713244263,-3.09078451729335,-3.44577639644139,-2.04746704073448,0.410335739320342,1.56630143185723,-2.22663627381213,1.41683500483957,7.38876531181072,0.946414424835734,0.436151337714611,0.457859475790022,1.41041806374508,-0.50451786320796,-0.681527126070748,6.19385318145513,-0.00131959606154095,-1.07816240493626
-4.75579681677229,5.41366989722839,-6.17866368237374,-1.77486848553959,-2.78375992048021,-1.28191827269202,1.66451708415997,0.770919825728453,1.12651421781087,-4.2989946592866,-0.437202885833215,-3.02093901371549,5.00465397882644,-1.61451062594811,-1.82364406361076,2.06963047803175,-1.26419980169972,-0.0484310297061426,0.600194925945334,0.494435937613583
-6.28534918636554,6.90560671849509,-6.35467105612289,-3.08762399670871,-5.14911151753106,-1.48060163768181,3.81287596746652,-3.02896704399321,-0.674517002808552,1.03064584267591,-1.98314962606557,0.63465350920415,-0.617668940460182,1.7656176325314,-0.329810168255229,-0.537720219114388,-0.295425842549224,-2.15451814774927,-1.476076931816,2.22642872435094
-5.00260603127265,7.95738466564998,-7.19604530249861,-1.69562448733279,-1.84402968688502,-4.83493817225724,0.351524205027685,-0.147091572826813,-7.83034512096632,-1.2844281960962,-5.29151076320278,7.97468409555633,0.87757540876263,-2.01280338430989,1.395973434041,-0.509072430372261,4.15622316102565,0.903766918328195,0.500126101176479,0.188087234951627
-4.86185127614238,7.34499447138266,-6.08701348227059,-3.17247298423742,0.945625814233355,0.874938177198848,0.76316997457599,1.40949587035215,4.08596681826255,3.3533100507939,2.64531559745043,0.173351076030827,0.90292007692375,1.71623892203007,-1.12765045060207,0.215239226542111,1.89880854357139,0.492007323372891,0.217631709519714,1.13407540560582
-2.66360674023903,4.68388131559739,-7.02849158648864,0.218264357717625,-3.43875188623163,7.96936587927039,1.98131114794858,-4.24263546029581,-6.03057244753572,-2.86934101829881,-2.44550865405706,0.776094459348895,-5.71698008847006,0.79136417018245,1.85720094494153,2.65969253349766,-4.01322712865616,-3.29629437384096,1.89465092244723,-0.134713495957377
-5.13293814538222,5.50008852998991,-6.18012430663225,-1.27868758310603,-5.80756391650184,-2.70630612822007,5.15358757205588,-1.90576528417125,0.979616903816625,-2.443788830608,-0.261965837446865,0.969267704571367,0.72702749728834,1.39831217630629,0.0351128289029762,5.14507587462724,1.86472436411597,-2.19419828660963,-3.33852214175101,2.58791000718377
-6.10521595583498,8.67363901591928,-5.05322316068644,-4.3094461310022,-1.09858889627129,-1.54393059146293,1.54120960201842,0.206413212263448,3.43612067494168,1.19099349765014,0.0122467549387742,0.760141872025611,-2.01805457161154,0.97534578189603,-1.35941113039151,-2.79465115830362,-1.59695179183116,0.69230187053668,0.480355779555279,-2.65101584688606
-5.28930423706739,8.88052259852604,-5.57342504494144,-3.97675390958569,0.73723737631182,-0.595420359209012,-2.19663877819822,1.47171766573345,0.424652484482351,0.657450980202102,-0.22050824073341,0.586417395174121,-2.28154733916564,-0.0576994337800664,-1.58484681764752,-0.940631167854382,-3.26171087416128,1.82950818293501,-0.467590099454287,1.04156254780683
-4.61341952193619,8.23366797782653,-7.01598118504198,-2.57742040650642,3.01387096741038,0.493939404594447,-2.31189380015347,3.39440273777427,5.43783179304475,0.00685809211503544,3.00400154845884,1.20433433875769,1.49911262228072,3.25010477282002,-0.136694197648274,1.29947047837777,2.10534449937,1.95965363913562,1.12446872179261,-0.730954826822753
-1.34918129716843,10.3911085065838,-1.99013776725412,-5.00439709817539,2.23391467088863,-0.679460001049318,0.153726228145778,0.956869741239502,-0.225509787779877,3.38368627386924,-1.5715290186047,4.7020263641568,-3.71211312709823,-3.60335831135915,-3.06238214458368,2.28831506981463,-0.184313003664129,-0.294898605977863,-2.30803917212306,-2.43401183397045
-3.90326300867507,8.12022103777522,-5.25211217876759,-3.75993278275622,4.14137948119868,-0.605986192806077,-1.36756067298883,2.95771241042052,3.65620183051283,-0.320972028658339,0.467025582891232,-0.520292506817452,-1.90567499594842,0.0765826877758641,2.76489029707931,0.374824567512596,2.88326741767267,-1.44184017328786,1.45574343512012,3.68527512335099
-5.37228232291787,4.74906285188101,-4.60757132280166,-0.0920519229063155,-4.97208784508135,-1.30832187380544,4.32724488462167,-2.07929086869427,5.13973065321606,-2.15937402496419,0.287324119255448,-3.71205796502424,3.26160240954126,3.73221903599884,0.814228144710368,1.64769247730144,-0.269574936688319,-1.43511902686763,2.12370056323084,-1.2360035564503
-5.18635757568343,5.55833741212033,-5.32185065840475,-1.52539706763174,-2.97309665647023,-3.63395500692257,4.61771481735405,1.59403467980885,1.67017588242185,-6.60839580296526,0.717301224128311,0.251470113029196,2.1027674005725,-0.926484693718376,-2.44410182423946,2.87160742808765,5.12304156265489,-1.13961466639411,-1.1159284502088,-0.743439213907152
-3.20086477589474,6.17812707209177,-7.97840372397578,-0.640704257116842,2.3190312282373,11.4767140434023,-2.30095264485443,-6.94601824634291,-3.96064216167221,1.47715292289329,1.15420023897202,-1.35687910819323,-1.19229588693229,-2.25831573071864,2.8267764849673,-1.09649290135958,3.10246311176237,0.185670119429728,-1.51572253339141,-2.72461965845471
1.44177445654022,11.7724908790852,1.75688538764477,-4.47640898682499,2.76290188144402,0.473773075752277,-0.100520818540444,6.87989988825025,-0.241119517011893,4.78328533795911,-0.346843649915406,2.4547110786722,1.65795270335134,-0.973263907618822,-0.317176619973377,3.30328243012332,-3.91183073253014,-3.98698825550329,1.00797751539187,0.213159458976774
-3.54761047580888,7.99697058912864,-5.54068832825797,-2.08119040003255,-0.959749494200484,1.46376958272408,-0.532461857477299,-1.61272881309401,2.43934295268563,2.50777375781532,-0.22157655380452,-1.55883738332788,-0.818278716347921,3.38036137125695,-2.96273899737761,-3.16006145084492,3.68023900286956,0.758148589671211,-2.59645682587062,-3.79850184041031
-5.07027028966646,7.85894109708534,-5.30786183556953,-3.71145016947202,1.72493457250101,3.05360734034737,0.470306662811865,1.79155345970976,3.54049431771237,-1.14470358362417,2.07637844547607,-1.00240033297767,-1.10659383416105,-1.80422741750854,0.955295491772354,-3.04144298538615,-3.79369757438864,-3.42018892932936,1.33001784180634,-1.94218440630014
3.3113795445102,10.9155039408685,6.23483014560472,-8.59726447385744,5.04189438465289,-6.7138692803184,-6.6922915020528,-4.40944220961921,-2.47039685090204,-2.09227434724633,1.54245595532275,2.59843318530993,2.36365136547368,0.0453752570494193,-0.727052417723841,-1.43394918831366,-1.01100506218992,0.742424929303262,2.02480523682146,0.058480327973769
-2.63956559504959,7.83780209674574,-5.86704287609082,-0.720055517629217,2.74528791335389,5.11286330210014,-1.68158642900176,-3.88503656313349,-4.18905889606429,1.08166727208771,0.891714697515385,-2.09598568682251,-0.547412286893701,-0.191984159781968,0.132924730882344,-1.93679857556654,1.63945711612632,-0.398690990048357,0.0295223914431897,1.6469641946218
-3.08561646767848,7.64252831216715,-4.80074343550639,-1.0547471019397,0.66704064774772,1.18795817398135,1.62219413354193,0.531148363566558,2.97208030739578,0.604699139891157,-1.29966350594853,-6.57652328964193,-0.387859168828229,-0.958322085402512,-3.537544951424,-0.444470017157705,2.34440163948708,1.66988939862541,-2.31180839827974,3.07781407720955
-0.981090528128238,6.37349121390986,-2.70199438588199,1.24451687157018,-1.70982104252496,1.24501558443864,3.57672210542182,1.98048981107794,-2.53421310501721,-4.1924718186339,-3.70342072569908,-4.22843969556682,0.636037338860928,-4.83844211110097,1.94773952105805,-1.54764734411476,-3.33250727973515,2.77105192103262,-0.127600712657612,3.47280741209395
-4.18282425000269,9.763171195085,-6.24642679243792,-2.73768892648335,1.55677641716075,0.0512130878873329,-1.12100110300735,1.99475806555005,0.32860900262164,2.53925722025956,0.783658086481514,2.75531688945427,0.809158296747952,-0.884649550632572,1.73120575861637,0.69662510506519,-0.556240414509225,4.95697973250128,-0.22363250764113,2.66042825549879
4.97376904010663,9.54904472313889,7.29829460426004,-5.790556454489,8.6578727422635,-0.427675005313868,-3.82978001324493,-5.24109460670912,6.28869471150736,-6.45867897949502,0.467360953394312,-1.05804279646666,-6.45141552100954,2.01227373397486,3.49071664549958,3.06100268087244,-0.123962740787101,1.6836006752107,0.270275950792471,3.08189847072103
-4.50179046417273,5.18137506008501,-4.51796303972067,-1.24424842204742,-2.53666276328311,1.49462187399377,2.5330752932497,-1.56301216894566,-3.49934621832952,-2.77330918416211,-1.83580077385874,0.711885002813639,5.85350779898582,-1.20238601765832,-0.135374206647166,-0.51481501785511,-1.18640220274064,-0.00374933586844175,2.95283931010174,-3.27925249447767
6.09903267453344,10.1836405488855,5.45188690000966,-2.37806980216683,6.66701487972078,4.17403354191711,3.74396233274624,2.91943808051814,-0.187746712267668,5.61752889071802,0.80319861955956,-5.43909638769141,1.81413741691051,-1.87405866110785,-2.47056651762676,-1.01396541572445,1.35456691987174,-3.66475111639881,-0.259665455064731,-0.78981532909318
0.94149954151745,9.76554265771541,0.415264081168488,-3.82678699489843,2.54265693932985,4.10817007373683,-0.227367753537714,3.03435265858673,-1.9806956143608,2.94797696313392,0.882358614302619,2.88499288885273,0.174480992044218,-1.25185365211359,-1.93950427352062,6.07910409050422,0.206586504160847,-1.66836443651459,0.435951570247655,-1.76286158056575
-4.37422843648077,8.53359365992289,-5.561692944566,-1.66997585307649,0.249096373424558,0.559734008927194,-0.260367307308899,-3.09633040895094,-0.55007556406166,2.40287328526365,-0.374770831148264,-1.48074824772285,-1.56614870830889,0.54425392849012,2.43041582047385,-3.21809523769631,1.71002151916911,-3.14735758536135,0.379555970008289,0.894504403720742
-5.09263949712145,7.82682836319414,-5.57032729172685,-3.31986002916693,0.488310874928768,0.705730842392336,-1.55136507366282,1.45612270159677,-0.575495516675872,1.03215462092848,2.58082078556261,0.316339054073759,-3.27805318568546,0.0826147619795244,1.38441789156542,-0.681644297868147,-4.22212333090296,2.22199047046542,2.49666259803746,0.25372722663745
NaN,NaN,NaN,NaN,NaN,NaN,NaN,NaN,NaN,NaN,NaN,NaN,NaN,NaN,NaN,NaN,NaN,NaN,NaN,NaN
NaN,NaN,NaN,NaN,NaN,NaN,NaN,NaN,NaN,NaN,NaN,NaN,NaN,NaN,NaN,NaN,NaN,NaN,NaN,NaN
NaN,NaN,NaN,NaN,NaN,NaN,NaN,NaN,NaN,NaN,NaN,NaN,NaN,NaN,NaN,NaN,NaN,NaN,NaN,NaN
NaN,NaN,NaN,NaN,NaN,NaN,NaN,NaN,NaN,NaN,NaN,NaN,NaN,NaN,NaN,NaN,NaN,NaN,NaN,NaN
NaN,NaN,NaN,NaN,NaN,NaN,NaN,NaN,NaN,NaN,NaN,NaN,NaN,NaN,NaN,NaN,NaN,NaN,NaN,NaN
NaN,NaN,NaN,NaN,NaN,NaN,NaN,NaN,NaN,NaN,NaN,NaN,NaN,NaN,NaN,NaN,NaN,NaN,NaN,NaN
NaN,NaN,NaN,NaN,NaN,NaN,NaN,NaN,NaN,NaN,NaN,NaN,NaN,NaN,NaN,NaN,NaN,NaN,NaN,NaN
NaN,NaN,NaN,NaN,NaN,NaN,NaN,NaN,NaN,NaN,NaN,NaN,NaN,NaN,NaN,NaN,NaN,NaN,NaN,NaN
NaN,NaN,NaN,NaN,NaN,NaN,NaN,NaN,NaN,NaN,NaN,NaN,NaN,NaN,NaN,NaN,NaN,NaN,NaN,NaN
NaN,NaN,NaN,NaN,NaN,NaN,NaN,NaN,NaN,NaN,NaN,NaN,NaN,NaN,NaN,NaN,NaN,NaN,NaN,NaN
NaN,NaN,NaN,NaN,NaN,NaN,NaN,NaN,NaN,NaN,NaN,NaN,NaN,NaN,NaN,NaN,NaN,NaN,NaN,NaN
NaN,NaN,NaN,NaN,NaN,NaN,NaN,NaN,NaN,NaN,NaN,NaN,NaN,NaN,NaN,NaN,NaN,NaN,NaN,NaN
18.9005333548095,13.762437310257,21.7066209473073,-1.16884389197374,-22.0960052037573,8.76047237812006,-7.6440516043101,6.44462282524495,2.98575199415515,0.172814182730902,0.286862990260479,0.853526488438188,-2.86784939298804,-1.5275404657853,0.407997766820673,-1.26560936616968,2.93578243454323,1.19679760463039,0.622162966365265,0.348159405476468
NaN,NaN,NaN,NaN,NaN,NaN,NaN,NaN,NaN,NaN,NaN,NaN,NaN,NaN,NaN,NaN,NaN,NaN,NaN,NaN
11.9643329748851,10.0656476252282,11.6562771850711,-4.1855675280283,1.23136939766765,0.228888871547168,0.245814708678542,-3.90442255686223,1.05317521353619,-3.55351936648586,-0.632100190689611,-0.245753980819259,3.98563988040328,-0.58898374475972,0.586651422839877,-3.70516609009736,-3.01837754120537,0.194479137550202,-1.56668919459056,-4.11512225014417
15.5803882377287,12.359491115904,13.1083624813007,-1.96367798707118,2.78414343621193,-1.52745152386202,-1.86336264447436,-2.03398912661482,-0.281513526324015,2.33531554098779,-3.40878489275384,-0.59750109964932,4.65049480275476,3.10912001295612,0.321366128241321,-3.30034393287735,-1.6060259931122,-2.60931680628325,-1.90238137490113,1.26581820929123
NaN,NaN,NaN,NaN,NaN,NaN,NaN,NaN,NaN,NaN,NaN,NaN,NaN,NaN,NaN,NaN,NaN,NaN,NaN,NaN
NaN,NaN,NaN,NaN,NaN,NaN,NaN,NaN,NaN,NaN,NaN,NaN,NaN,NaN,NaN,NaN,NaN,NaN,NaN,NaN
NaN,NaN,NaN,NaN,NaN,NaN,NaN,NaN,NaN,NaN,NaN,NaN,NaN,NaN,NaN,NaN,NaN,NaN,NaN,NaN
29.492741949331,9.91615419421267,18.5341442753522,4.70988586891321,8.50852100909236,3.45755376456304,16.2389818493273,3.80441967362786,-5.48335573423676,1.38113810498771,2.78928045343059,1.02142600235567,0.248189222309406,2.67975523148823,1.18538167117131,0.567763466562239,2.01862135678517,2.47747227859076,1.92778169794277,0.948593919354514
NaN,NaN,NaN,NaN,NaN,NaN,NaN,NaN,NaN,NaN,NaN,NaN,NaN,NaN,NaN,NaN,NaN,NaN,NaN,NaN
NaN,NaN,NaN,NaN,NaN,NaN,NaN,NaN,NaN,NaN,NaN,NaN,NaN,NaN,NaN,NaN,NaN,NaN,NaN,NaN
17.4956378559017,10.2147532484292,11.892318494367,-1.02732651225539,-2.87470445377259,-2.42084404949654,-3.24762404337132,-3.44915795437459,2.61013414079466,-2.0100010597443,-1.98780446126231,0.301596373189707,1.02022106111994,-0.265497921547231,2.00362866672914,2.90545127295417,-0.454780309222567,-1.66011097377335,-1.83866482012009,0.850533600043058
NaN,NaN,NaN,NaN,NaN,NaN,NaN,NaN,NaN,NaN,NaN,NaN,NaN,NaN,NaN,NaN,NaN,NaN,NaN,NaN
NaN,NaN,NaN,NaN,NaN,NaN,NaN,NaN,NaN,NaN,NaN,NaN,NaN,NaN,NaN,NaN,NaN,NaN,NaN,NaN
8.06514194595544,9.4995861132674,5.67103337561815,-4.20833894331945,2.72470883390086,-7.41890467583251,-6.62228571390879,-8.12192745457696,-2.66632171833867,-2.43570251599565,-0.342046924546828,-0.275983834398197,1.96399268149221,0.133901814185183,-3.54721250266888,0.788078152327106,1.1031586828633,2.46381948818353,-0.166198226896209,-0.136968482679556
NaN,NaN,NaN,NaN,NaN,NaN,NaN,NaN,NaN,NaN,NaN,NaN,NaN,NaN,NaN,NaN,NaN,NaN,NaN,NaN
16.516671393754,6.61541299611805,-10.5668797633493,11.403709398183,-3.25680878453946,-1.09061976255999,2.01199982136505,0.7554745407327,-3.78940061509887,-0.705281484590415,-0.745772638212211,0.422410313698262,-0.771017110974939,0.191813681409164,0.463053663403767,1.03139315411266,-1.55919200134166,3.20418460504073,-4.68669668233141,-0.373854925278964
NaN,NaN,NaN,NaN,NaN,NaN,NaN,NaN,NaN,NaN,NaN,NaN,NaN,NaN,NaN,NaN,NaN,NaN,NaN,NaN
47.973117167236,5.04212765368719,-21.6215094646368,32.6839523736713,0.760607867443367,-5.32842947312698,-4.09516716109844,0.1409016730652,2.72165414174942,0.291417917499754,0.912457484217164,-0.403208279618618,-1.38304056156407,-0.741212336186124,-0.614059020072327,-0.798940094846937,-0.541526993644393,-1.49919805807804,2.31811323583872,-0.848518766727766
NaN,NaN,NaN,NaN,NaN,NaN,NaN,NaN,NaN,NaN,NaN,NaN,NaN,NaN,NaN,NaN,NaN,NaN,NaN,NaN
NaN,NaN,NaN,NaN,NaN,NaN,NaN,NaN,NaN,NaN,NaN,NaN,NaN,NaN,NaN,NaN,NaN,NaN,NaN,NaN
-7.760606200651,-4.76789972206513,2.48071621402591,2.00174427516217,-0.699375174564797,-3.35568026864593,-0.576630304441127,3.91524535549173,-3.07724364546961,-0.430119831214004,-2.87106091616746,-5.25687583635979,1.01968802310827,-5.22199187948111,-2.31170144010819,-1.24670981157241,-1.7524149630787,3.27384174434482,-0.135085051865012,2.02243867291631
-6.2244953032052,-6.11550327245036,1.98297673468099,3.32032288184668,-0.857850498536831,-0.761416190127065,-2.65581667298294,1.59393731670251,-5.20678157780405,0.986902213197971,2.13687785854331,-1.95542746443597,1.41520516716507,1.92201148351362,3.94720219416983,3.10277844416313,1.89233033568831,-1.81201977425347,0.711432320219162,-2.56573517637913
-4.93093050774909,-7.12563269906962,3.81290156273527,3.77314350603864,-2.91006734341063,-6.8066179203717,2.68591880457556,-1.01344808939708,3.17032237337242,7.03581586566519,-1.81633887267706,0.503661543888339,-0.987590148333731,2.81725829944337,-2.00231476697924,-0.455045895515095,1.08556474650333,1.89066680312505,-1.05923589555034,0.239699421487572
-3.88768525981885,-6.98964171389806,3.76538549134735,4.24571351533656,1.84179455109095,0.736244548628496,5.48576298532273,-1.69341319178066,3.7503873363203,-2.02696645247821,-2.70969354224829,3.6051197521477,-0.678275657411632,-3.30893461646104,0.498013403647164,-0.274367022235745,1.91304561197073,-1.22486552190465,-1.78127479011922,0.60614398878747
-4.72568136334089,-7.66323742047089,1.69628903983175,4.31885501690289,2.07994081544862,3.5356861901688,-2.36277889059234,4.48158987652332,-3.8856427372268,-6.56681600136749,-0.506223669427749,1.35894989319146,0.394762028984009,1.8660091675912,-2.65371225963837,-1.85861574741201,0.547599716436393,-2.91215959585624,-0.774380761616934,-0.106464499970175
-3.86606985587855,-7.38857676945125,3.59631853201217,3.53349097954821,-0.316597139893662,-1.32358590753143,0.391522552594806,1.80043149525818,-0.659457355348734,-2.76488296137122,2.84994533156344,-1.39280554682176,-2.64264500985387,-0.88509537674407,0.329910047151683,-0.489371858456717,0.903900939988643,0.854334313409048,-0.538654290752383,1.1390780314325
-5.86045475438907,-6.02008697618163,0.344554133047318,3.42215887660398,-0.236503281201427,3.33465118469304,0.144482380117319,0.164665644472295,-1.5923128621066,-0.685366928615998,-1.76157023744395,2.39080256896493,-0.405112559209448,-1.70297003816572,-3.75360246872525,-1.64526726988428,-0.842887716462187,0.953415673371128,1.838381039903,1.54245493911201
-5.05108007714992,-7.03659901835642,3.9531803147026,3.85679199561882,1.10042870982835,-2.40215772193422,-2.45461837426702,1.61746836322601,1.16993632111533,1.93507768765374,1.97499068370303,-0.812297328755655,2.98895719862722,-0.944431054454613,1.48507357702609,2.2450042193333,0.0729655132988939,0.624719208611031,2.33453964599645,2.35076096331648
-4.64527155525623,-7.63621989316342,1.52945837876516,3.39040232920366,-0.379240830174397,2.19987132191575,-3.6124156834086,-1.10145508531861,0.800691555681877,-0.58153461086283,-2.38066960936805,-1.27134012883379,3.19106035817109,5.05247973525135,-3.74562525592495,1.07027198051977,-0.793012615797367,-0.235803374325552,2.19301790063619,-2.72571365722139
-5.82388752490443,-4.92052205837,3.86505745125899,1.9997131966029,-3.16818045343013,-7.55687106303911,0.316977877564369,-1.45564670339228,-3.63480926536978,4.26798763861484,-2.53482323870338,1.52208316747774,-2.53226912167737,1.9140696988332,2.52903703678156,-1.96401980045008,1.0848091821499,-0.328753662477999,-0.843804466302073,-2.95865791400309
-5.94168933893738,-6.01935011091865,4.13865635956063,3.41102513107359,0.519240134275029,-0.950786850727868,0.863813237895454,-1.90013711495567,3.24536907500895,2.68599870708419,-3.561724086291,-0.299529989347986,-2.37954544234839,1.50002785628882,1.68892291345087,-1.03790750420485,-1.5612561342603,-0.948765936885894,4.25508071686198,0.593832754815739
-5.2522330673547,-7.77379570968581,2.94616883110711,3.95629761258195,3.01993642100647,2.39906440640958,-0.780069115865265,3.85824273277865,0.79041616746962,-6.62268786279466,-3.12509177357711,-0.76622340525367,-1.99703031131389,1.33823995835052,-0.750492409893743,-0.197113654612403,-0.243685239250535,-0.515250318922573,2.17602018957308,-0.66950144374593
-5.98137757565339,-2.81488335185202,5.94046843337086,0.12710618008814,0.596317318343777,-7.38060926966761,-1.49312179353935,1.47252332836034,-2.30145453586653,2.89435926506022,-3.62479786967544,-0.732965959108961,-1.39763527087302,-2.03645153387831,1.4751813723905,1.20410731242365,1.05413664600429,-1.40460559387797,4.31298769245374,0.62551528018236
-6.85964403910065,-4.91704513612131,2.43992778354231,2.08359316252912,0.683720748113297,-3.24384003782998,-0.00913850879799103,2.94354678596539,-0.25216949660904,0.951435955354764,-4.71189810846188,-4.4551449536908,-4.90524351201825,3.00762737043704,4.10650570099985,1.92601643005702,0.845693918028731,1.01892361187444,0.809514304927788,-2.89844057256238
-3.26403061933139,-8.14165855591211,3.07713077918617,3.85948029460943,1.41297564012718,2.51791884441365,2.35426743312412,-1.20092994762192,4.57150054914843,-0.524813940176609,-2.6365228878641,4.65962257128974,-2.54497650057826,1.23725201494888,-1.57507110212632,2.48652368450208,-1.13822043296558,0.731650092943585,-5.18166467314756,-0.425448881883419
-4.79729183176904,-5.25789243327367,5.15422285954111,0.7032686650743,-2.77543113553914,-6.1514341470192,0.681741617890984,-2.36973780836816,-2.88039798951896,3.30345803630181,2.4577344809973,-5.21268997405244,-0.907591345884873,-3.82967550591814,0.587328445650838,-0.578859217657641,-1.81664549407111,-2.52599651536265,-3.40014393746309,1.0050129928733
-4.89783804072944,-7.95567612901609,1.22586680991456,4.36145280020655,1.20734396582974,4.6233475052522,-3.30104607104146,2.21470966189768,1.8526942924621,-1.42951864279865,-2.05905974810573,0.589764183743636,2.91888951330405,0.135235357201889,-3.27129912778666,3.1490317820213,-2.37020730260985,-1.8232475689691,-0.593317163811277,0.321470508058196
-3.46632136757386,-9.49115597696966,3.6730253889358,5.6795440849852,1.71489286837828,2.25739093338663,1.54242776060831,-1.76807435079064,4.34471555445259,-0.148679621959813,-0.458436481759477,2.32788229128806,1.6225202714753,-0.424502340902471,-1.54165711597853,-2.6030219633537,-0.460987008713509,1.89131555859519,0.0818886186161191,3.32655237586168
-4.2969293226842,-8.64846993441645,2.27443034664059,3.29874871025613,-0.727390440680837,-0.126585529610747,2.43754878906206,-1.74058258401973,6.62461392135703,1.21875215693163,4.06584729103546,4.08978815677285,0.703714560770701,-2.55794612682546,0.781788979587053,-2.59995503019514,-2.34565439186708,-1.18632468498026,-1.46111647242216,-1.31671407552965
-4.32731275829278,-8.60040800309069,1.73503953458129,5.33966032562805,0.403264486277415,2.75863884289449,-3.47929388434851,-2.73904740523005,1.41842419194698,1.01167481910566,3.5879633619269,1.31145058305304,3.19828937625943,-3.83546498835028,2.56087344619771,3.93260723814094,3.25945868414309,1.1304665817249,4.74747760969171,-0.107334256635801
-3.27928651979235,-6.57771723904559,6.88974984887929,1.55405235743917,-0.138116889481588,-4.30541793575803,1.50893674197195,0.163460095529111,-0.44928173151749,-0.857261059919198,2.53336464095103,-2.8880061225262,-0.95807443400127,0.394241052112907,-0.912208695227784,1.31886320351466,-0.196707451704501,0.372046193027157,-1.32582645373875,-0.135112755086951
-5.02051118075281,-8.22003915453654,3.17015107854063,4.19191783697321,-0.198881617389456,-1.07665552380196,1.25021108855328,1.95442189807365,-2.95226657711349,-3.74623734569889,2.36656254750642,-1.11924972849476,-1.04693651873421,0.58064520094146,0.842003078092027,-2.91222152889633,0.679852732544315,-0.0947738236705475,-0.878967004278962,-0.37419504340717
-5.04116910814085,-7.24345217528604,1.45688978431025,3.70957121606397,0.316160390955581,3.69084505554762,-0.563630618268685,-2.41595910813148,1.13499674480605,6.52762295777297,-3.5835235520218,1.3667331072782,0.846389349573354,-3.22570683150627,-2.61458774945925,0.357138902613731,-2.69654468082951,1.56035058813846,0.835953421375496,0.476573597708391
-5.81934365276217,-7.52386387730426,1.75745779866647,4.0302256622127,-0.60725799196983,-2.31349152747979,-0.686355289292124,-2.09959046071686,0.822359666707349,0.817249524669044,1.22414767585426,2.57925454157891,1.89053889364406,-4.2635376637514,0.516611824214606,-1.52748051468608,4.4094481664803,-2.77849327666198,1.85018081614884,1.214519432848
-4.94476473994163,-8.32738033066805,-1.1341891450421,4.11343444524665,-2.87829095940657,3.03454415364446,-2.321270331872,-1.29968779638097,-5.39530526089937,1.92976974321688,2.86412604360258,2.52376875392542,1.83245362831117,6.74011909122922,-0.020669355741087,-1.723845635426,0.0108726279682709,-3.54353476070035,-1.83919994391657,6.74258499859036
-4.76270893586236,-6.08826436407848,2.80727638154931,2.90509107026093,6.75149956060225,5.17470912662766,-4.98015057728964,1.41302816542537,-1.96809994729541,-0.870079231637896,-2.40703292417195,-3.70856282011771,-1.48325622537986,-0.449315906108602,-1.83647423801934,-1.11508362006707,5.35290229856094,2.20136269109172,-2.09280560498934,-1.76262632854532
-3.59365053967177,-7.89935648084316,4.19994076385068,3.28026931219886,0.765309849235774,2.52016064445916,0.218874177262453,-2.99247569708203,1.46472096011607,2.19534482069767,-3.72028298451224,-0.454937593163003,-1.8690295395738,2.3959494020571,-0.868588076379962,0.881231468904075,-0.614074779242244,1.57573795313366,2.20145071061109,-0.174297327598863
-5.36074798989139,-7.15161008778545,0.865886123400973,2.96190256837865,-0.841928688541294,-0.744650694559468,2.04935288087788,1.08923184238251,1.38434116253958,0.333781624829997,2.65466876199373,-1.48301914935173,0.823323880725754,-0.817878943451898,1.67629973753934,-0.465373453851072,1.61696562209056,-1.55252526124185,-0.660815743472525,-2.88275606909649
-3.30535663472458,-11.4179990765031,2.97148970792502,5.33526733312962,0.838975345532931,4.61990528432464,1.49011573245628,-5.55703073016652,2.62231811853979,-1.20354245631324,3.8716762420221,1.75991036352629,0.676362114531895,-3.84551093278448,3.35491725314935,-1.77695008393004,-0.670341466304288,0.410463952233988,-1.75331590090326,-1.01841574777392
-1.30218377208711,-8.39504161770446,7.07991112704844,1.41751868583295,1.25005823207048,-1.76707564480223,2.90455390949885,0.918550379358874,-1.22549503981682,-3.30655012140238,1.26352230078604,3.13848371480873,-1.00440737382194,1.18505703654954,0.213488605964023,1.4706019539931,-2.30849175378941,2.98890503927124,-0.405509402651638,-3.1123826954448
NaN,NaN,NaN,NaN,NaN,NaN,NaN,NaN,NaN,NaN,NaN,NaN,NaN,NaN,NaN,NaN,NaN,NaN,NaN,NaN
NaN,NaN,NaN,NaN,NaN,NaN,NaN,NaN,NaN,NaN,NaN,NaN,NaN,NaN,NaN,NaN,NaN,NaN,NaN,NaN
NaN,NaN,NaN,NaN,NaN,NaN,NaN,NaN,NaN,NaN,NaN,NaN,NaN,NaN,NaN,NaN,NaN,NaN,NaN,NaN
NaN,NaN,NaN,NaN,NaN,NaN,NaN,NaN,NaN,NaN,NaN,NaN,NaN,NaN,NaN,NaN,NaN,NaN,NaN,NaN
NaN,NaN,NaN,NaN,NaN,NaN,NaN,NaN,NaN,NaN,NaN,NaN,NaN,NaN,NaN,NaN,NaN,NaN,NaN,NaN
NaN,NaN,NaN,NaN,NaN,NaN,NaN,NaN,NaN,NaN,NaN,NaN,NaN,NaN,NaN,NaN,NaN,NaN,NaN,NaN
NaN,NaN,NaN,NaN,NaN,NaN,NaN,NaN,NaN,NaN,NaN,NaN,NaN,NaN,NaN,NaN,NaN,NaN,NaN,NaN
NaN,NaN,NaN,NaN,NaN,NaN,NaN,NaN,NaN,NaN,NaN,NaN,NaN,NaN,NaN,NaN,NaN,NaN,NaN,NaN
NaN,NaN,NaN,NaN,NaN,NaN,NaN,NaN,NaN,NaN,NaN,NaN,NaN,NaN,NaN,NaN,NaN,NaN,NaN,NaN
NaN,NaN,NaN,NaN,NaN,NaN,NaN,NaN,NaN,NaN,NaN,NaN,NaN,NaN,NaN,NaN,NaN,NaN,NaN,NaN
NaN,NaN,NaN,NaN,NaN,NaN,NaN,NaN,NaN,NaN,NaN,NaN,NaN,NaN,NaN,NaN,NaN,NaN,NaN,NaN
NaN,NaN,NaN,NaN,NaN,NaN,NaN,NaN,NaN,NaN,NaN,NaN,NaN,NaN,NaN,NaN,NaN,NaN,NaN,NaN
NaN,NaN,NaN,NaN,NaN,NaN,NaN,NaN,NaN,NaN,NaN,NaN,NaN,NaN,NaN,NaN,NaN,NaN,NaN,NaN
NaN,NaN,NaN,NaN,NaN,NaN,NaN,NaN,NaN,NaN,NaN,NaN,NaN,NaN,NaN,NaN,NaN,NaN,NaN,NaN
NaN,NaN,NaN,NaN,NaN,NaN,NaN,NaN,NaN,NaN,NaN,NaN,NaN,NaN,NaN,NaN,NaN,NaN,NaN,NaN
NaN,NaN,NaN,NaN,NaN,NaN,NaN,NaN,NaN,NaN,NaN,NaN,NaN,NaN,NaN,NaN,NaN,NaN,NaN,NaN
-1.1056144689861,-10.3196568439777,-2.0938923136796,2.85455974966879,-0.282160259349409,4.64858960562897,-3.51969837943417,0.486903710000409,-3.65120751991174,1.22434359342282,2.48321603473424,0.696189913138112,3.35271196243228,5.68549995037938,0.336024745051983,-0.320415073273834,-2.38298270881589,2.88733171532264,-1.09302340143825,1.82802780869796
NaN,NaN,NaN,NaN,NaN,NaN,NaN,NaN,NaN,NaN,NaN,NaN,NaN,NaN,NaN,NaN,NaN,NaN,NaN,NaN
0.331188847223748,-5.05136986073879,-2.73726243142467,-4.46790522612197,5.52713141613485,-5.08171353297476,-5.99054829940466,10.746673201935,-0.58816028057777,-2.50439679971799,1.53599807013418,3.3755942152081,-1.88269246202818,-0.0429104236110511,-0.632211838040922,-4.24179415955769,0.167670582486609,-2.73000726782833,-2.29128963526977,-0.570009670603364
NaN,NaN,NaN,NaN,NaN,NaN,NaN,NaN,NaN,NaN,NaN,NaN,NaN,NaN,NaN,NaN,NaN,NaN,NaN,NaN
11.3362551785762,-13.7536646705013,0.329049678766503,-11.6592724481545,-0.280817216563502,-2.93001145494955,0.156433082798942,0.0195661337783678,-0.312319649996959,-1.34421352872836,3.93124694722827,0.0468487283882579,-1.88798990532883,-0.922265406826705,1.61848232971152,-0.601054111331288,-1.74282068297099,-3.59386453711753,-1.52164266520743,0.957627024618739
NaN,NaN,NaN,NaN,NaN,NaN,NaN,NaN,NaN,NaN,NaN,NaN,NaN,NaN,NaN,NaN,NaN,NaN,NaN,NaN
NaN,NaN,NaN,NaN,NaN,NaN,NaN,NaN,NaN,NaN,NaN,NaN,NaN,NaN,NaN,NaN,NaN,NaN,NaN,NaN
24.4365498113334,-20.786744378066,-3.63037183906454,-16.4093372306052,-4.45193780942788,-1.20694237391335,3.2525643489536,-4.7201961563525,-3.1188912247745,-0.429846644329393,4.97269277200988,-1.09301051000846,-5.55297777303028,-0.403198792895141,-9.02240942642858,0.666776955060924,0.596653844010811,-0.526703695459535,4.76105433699099,0.146424804573195
6.0202878048018,-12.4955416516819,-2.4562104853184,-3.47390988080468,-0.475240837871413,-0.421795336000476,-4.35225576824921,0.626474236517946,-1.71362142531997,2.4864260464946,1.63332542944816,-4.14253857010636,1.3963630086704,-0.623812480261531,1.94392572689575,6.09130419699851,-3.23609001543077,0.266250262559052,-4.52401462785861,-1.89122071547968
NaN,NaN,NaN,NaN,NaN,NaN,NaN,NaN,NaN,NaN,NaN,NaN,NaN,NaN,NaN,NaN,NaN,NaN,NaN,NaN
36.5332543247704,-30.426260100195,-15.3297134616654,-24.6400239835712,0.321408608841177,2.86421486330215,0.782202416549667,2.65931302757392,2.80630069612914,1.18715385812208,-6.36988829112661,0.368734176999249,3.8690482775825,0.0157994065783412,5.07057280523933,-1.34583071801417,1.8335003493847,2.01336911829791,-0.378747437190283,0.226500920027419
NaN,NaN,NaN,NaN,NaN,NaN,NaN,NaN,NaN,NaN,NaN,NaN,NaN,NaN,NaN,NaN,NaN,NaN,NaN,NaN
NaN,NaN,NaN,NaN,NaN,NaN,NaN,NaN,NaN,NaN,NaN,NaN,NaN,NaN,NaN,NaN,NaN,NaN,NaN,NaN
NaN,NaN,NaN,NaN,NaN,NaN,NaN,NaN,NaN,NaN,NaN,NaN,NaN,NaN,NaN,NaN,NaN,NaN,NaN,NaN
NaN,NaN,NaN,NaN,NaN,NaN,NaN,NaN,NaN,NaN,NaN,NaN,NaN,NaN,NaN,NaN,NaN,NaN,NaN,NaN
